op,gpu,key,logs
adaln_fwd_triton,NVIDIA RTX A6000 (sm86),bfloat16+float32|shape_key=17594334052911,rna-smoke-opendde-final.log;rna-smoke-opendde.log;rna-smoke-protenix-final.log;rna-smoke-protenix.log
adaln_fwd_triton,NVIDIA RTX A6000 (sm86),bfloat16+float32|shape_key=281477124719151,4yx2-opendde-final.log;4yx2-opendde.log;4yx2-protenix-final.log;4yx2-protenix.log
adaln_fwd_triton,NVIDIA RTX A6000 (sm86),bfloat16+float32|shape_key=35186520097327,opendde-compile.log;opendde-eager.log;opendde-full-compile.log;opendde-full-graph.log;opendde-graph-retry.log;opendde-graph.log;opendde-stable-compile.log;protenix-compile.log;protenix-diagnose.log;protenix-eager.log;protenix-full-compile.log;protenix-full-graph.log;protenix-graph.log;protenix-stable-compile.log;protenix-stable-graph.log;protenix-v2-full-compile.log;protenix-v2-full-graph.log
adaln_fwd_triton,NVIDIA RTX A6000 (sm86),bfloat16+float32|shape_key=70370892186159,1a1k-opendde-final.log;1a1k-opendde.log;1a1k-protenix-final.log;1a1k-protenix.log;3ptb-opendde-final.log;3ptb-opendde.log;3ptb-protenix-final.log;3ptb-protenix.log
adaln_fwd_triton,NVIDIA RTX A6000 (sm86),bfloat16+float32|shape_key=8798241030703,1a1k-af3-final.log;1a1k-af3.log;3ptb-af3-final.log;3ptb-af3.log;4yx2-af3-final.log;4yx2-af3.log;af3-compile.log;af3-eager.log;af3-full-compile.log;af3-full-graph.log;af3-graph-retry.log;af3-graph.log;af3-layers.log;af3-rna-compile.log;af3-rna-graph.log;af3-stable-compile.log;rna-smoke-af3-final.log
adaln_gemm_gate_triton,NVIDIA RTX A6000 (sm86),bfloat16+float32|shape_key=35197260137007,4yx2-esmfold2-final.log;4yx2-esmfold2.log
adaln_gemm_gate_triton,NVIDIA RTX A6000 (sm86),bfloat16+float32|shape_key=8808981070383,1a1k-esmfold2-final.log;1a1k-esmfold2-retry.log;3ptb-esmfold2-final.log;3ptb-esmfold2-retry.log;esmfold2-compile.log;esmfold2-diagnose.log;esmfold2-eager.log;esmfold2-full-compile.log;esmfold2-full-graph.log;esmfold2-graph.log;esmfold2-stable-compile.log;esmfold2-stable-graph.log;rna-smoke-esmfold2-final.log;rna-smoke-esmfold2.log
cond_transition_squeeze_gate_triton,NVIDIA RTX A6000 (sm86),bfloat16|shape_key=35197263283905,4yx2-esmfold2-final.log;4yx2-esmfold2.log
cond_transition_squeeze_gate_triton,NVIDIA RTX A6000 (sm86),bfloat16|shape_key=8808984217281,1a1k-esmfold2-final.log;1a1k-esmfold2-retry.log;3ptb-esmfold2-final.log;3ptb-esmfold2-retry.log;esmfold2-compile.log;esmfold2-diagnose.log;esmfold2-eager.log;esmfold2-full-compile.log;esmfold2-full-graph.log;esmfold2-graph.log;esmfold2-stable-compile.log;esmfold2-stable-graph.log;rna-smoke-esmfold2-final.log;rna-smoke-esmfold2.log
layernorm_fwd_saveact_triton,NVIDIA RTX A6000 (sm86),"bfloat16+float32|HAS_ROWSCALE=0,shape_key=1099511694106",af3-rna-compile.log;af3-rna-graph.log;opendde-compile.log;opendde-eager.log;opendde-full-compile.log;opendde-full-graph.log;opendde-graph-retry.log;opendde-graph.log;opendde-stable-compile.log;protenix-compile.log;protenix-diagnose.log;protenix-eager.log;protenix-full-compile.log;protenix-full-graph.log;protenix-graph.log;protenix-stable-compile.log;protenix-stable-graph.log;protenix-v2-full-compile.log;protenix-v2-full-graph.log;rna-smoke-af3-final.log
layernorm_fwd_saveact_triton,NVIDIA RTX A6000 (sm86),"bfloat16+float32|HAS_ROWSCALE=0,shape_key=1099511890714",1a1k-af3-final.log;1a1k-af3.log;4yx2-protenix-final.log;4yx2-protenix.log;af3-compile.log;af3-eager.log;af3-full-compile.log;af3-full-graph.log;af3-graph-retry.log;af3-graph.log;af3-layers.log;af3-stable-compile.log
layernorm_fwd_saveact_triton,NVIDIA RTX A6000 (sm86),"bfloat16+float32|HAS_ROWSCALE=0,shape_key=137440002842",1a1k-esmfold2-final.log;1a1k-esmfold2-retry.log;1a1k-esmfold2.log
layernorm_fwd_saveact_triton,NVIDIA RTX A6000 (sm86),"bfloat16+float32|HAS_ROWSCALE=0,shape_key=137440047898",1a1k-af3-final.log;1a1k-af3.log
layernorm_fwd_saveact_triton,NVIDIA RTX A6000 (sm86),"bfloat16+float32|HAS_ROWSCALE=0,shape_key=137440527130",1a1k-opendde-final.log;1a1k-opendde.log
layernorm_fwd_saveact_triton,NVIDIA RTX A6000 (sm86),"bfloat16+float32|HAS_ROWSCALE=0,shape_key=137441051418",1a1k-esmfold2-final.log;1a1k-esmfold2-retry.log
layernorm_fwd_saveact_triton,NVIDIA RTX A6000 (sm86),"bfloat16+float32|HAS_ROWSCALE=0,shape_key=17181442842",4yx2-opendde-final.log;4yx2-opendde.log
layernorm_fwd_saveact_triton,NVIDIA RTX A6000 (sm86),"bfloat16+float32|HAS_ROWSCALE=0,shape_key=2147746586",rna-smoke-protenix-final.log;rna-smoke-protenix.log
layernorm_fwd_saveact_triton,NVIDIA RTX A6000 (sm86),"bfloat16+float32|HAS_ROWSCALE=0,shape_key=2148008730",rna-smoke-esmfold2-final.log;rna-smoke-esmfold2.log;rna-smoke-opendde-final.log;rna-smoke-opendde.log
layernorm_fwd_saveact_triton,NVIDIA RTX A6000 (sm86),"bfloat16+float32|HAS_ROWSCALE=0,shape_key=2148533018",1a1k-esmfold2-final.log;1a1k-esmfold2-retry.log;1a1k-opendde-final.log;1a1k-opendde.log;1a1k-protenix-final.log;1a1k-protenix.log;3ptb-esmfold2-final.log;3ptb-esmfold2-retry.log;3ptb-opendde-final.log;3ptb-opendde.log;3ptb-protenix-final.log;3ptb-protenix.log;4yx2-esmfold2-final.log;4yx2-esmfold2.log;4yx2-opendde-final.log;4yx2-opendde.log;4yx2-protenix-final.log;4yx2-protenix.log;esmfold2-compile.log;esmfold2-diagnose.log;esmfold2-eager.log;esmfold2-full-compile.log;esmfold2-full-graph.log;esmfold2-graph.log;esmfold2-stable-compile.log;esmfold2-stable-graph.log;opendde-compile.log;opendde-eager.log;opendde-full-compile.log;opendde-full-graph.log;opendde-graph-retry.log;opendde-stable-compile.log;protenix-compile.log;protenix-diagnose.log;protenix-eager.log;protenix-full-compile.log;protenix-full-graph.log;protenix-graph.log;protenix-stable-compile.log;protenix-stable-graph.log;protenix-v2-full-compile.log;protenix-v2-full-graph.log;rna-smoke-esmfold2-final.log;rna-smoke-esmfold2.log;rna-smoke-opendde-final.log;rna-smoke-opendde.log;rna-smoke-protenix-final.log;rna-smoke-protenix.log
layernorm_fwd_saveact_triton,NVIDIA RTX A6000 (sm86),"bfloat16+float32|HAS_ROWSCALE=0,shape_key=2149331738",1a1k-esmfold2-final.log;1a1k-esmfold2-retry.log;3ptb-esmfold2-final.log;3ptb-esmfold2-retry.log;esmfold2-compile.log;esmfold2-diagnose.log;esmfold2-eager.log;esmfold2-full-compile.log;esmfold2-full-graph.log;esmfold2-graph.log;esmfold2-stable-compile.log;esmfold2-stable-graph.log;rna-smoke-esmfold2-final.log;rna-smoke-esmfold2.log
layernorm_fwd_saveact_triton,NVIDIA RTX A6000 (sm86),"bfloat16+float32|HAS_ROWSCALE=0,shape_key=2473901228826",1a1k-opendde-final.log;1a1k-opendde.log;1a1k-protenix-final.log;1a1k-protenix.log;3ptb-opendde-final.log;3ptb-opendde.log;3ptb-protenix-final.log;3ptb-protenix.log;af3-compile.log;af3-eager.log;af3-full-compile.log;af3-full-graph.log;af3-graph-retry.log;af3-graph.log;af3-layers.log;af3-stable-compile.log
layernorm_fwd_saveact_triton,NVIDIA RTX A6000 (sm86),"bfloat16+float32|HAS_ROWSCALE=0,shape_key=2473901425434",3ptb-af3-final.log;3ptb-af3.log
layernorm_fwd_saveact_triton,NVIDIA RTX A6000 (sm86),"bfloat16+float32|HAS_ROWSCALE=0,shape_key=274877973274",rna-smoke-opendde-final.log;rna-smoke-opendde.log;rna-smoke-protenix-final.log;rna-smoke-protenix.log
layernorm_fwd_saveact_triton,NVIDIA RTX A6000 (sm86),"bfloat16+float32|HAS_ROWSCALE=0,shape_key=274878169882",3ptb-af3-final.log;3ptb-af3.log;3ptb-opendde-final.log;3ptb-opendde.log;3ptb-protenix-final.log;3ptb-protenix.log;af3-rna-compile.log;af3-rna-graph.log;rna-smoke-af3-final.log
layernorm_fwd_saveact_triton,NVIDIA RTX A6000 (sm86),"bfloat16+float32|HAS_ROWSCALE=0,shape_key=274879001370",3ptb-af3-final.log;3ptb-af3.log
layernorm_fwd_saveact_triton,NVIDIA RTX A6000 (sm86),"bfloat16+float32|HAS_ROWSCALE=0,shape_key=34360787738",rna-smoke-opendde-final.log;rna-smoke-opendde.log
layernorm_fwd_saveact_triton,NVIDIA RTX A6000 (sm86),"bfloat16+float32|HAS_ROWSCALE=0,shape_key=34361312026",rna-smoke-opendde-final.log;rna-smoke-opendde.log
layernorm_fwd_saveact_triton,NVIDIA RTX A6000 (sm86),"bfloat16+float32|HAS_ROWSCALE=0,shape_key=4295492378",rna-smoke-esmfold2-final.log;rna-smoke-esmfold2.log
layernorm_fwd_saveact_triton,NVIDIA RTX A6000 (sm86),"bfloat16+float32|HAS_ROWSCALE=0,shape_key=4398046577434",1a1k-af3-final.log;1a1k-af3.log
layernorm_fwd_saveact_triton,NVIDIA RTX A6000 (sm86),"bfloat16+float32|HAS_ROWSCALE=0,shape_key=4398046774042",4yx2-af3-final.log;4yx2-af3.log;4yx2-opendde-final.log;4yx2-opendde.log;4yx2-protenix-final.log;4yx2-protenix.log
layernorm_fwd_saveact_triton,NVIDIA RTX A6000 (sm86),"bfloat16+float32|HAS_ROWSCALE=0,shape_key=4398047605530",4yx2-af3-final.log;4yx2-af3.log
layernorm_fwd_saveact_triton,NVIDIA RTX A6000 (sm86),"bfloat16+float32|HAS_ROWSCALE=0,shape_key=68720526106",esmfold2-compile.log;esmfold2-diagnose.log;esmfold2-eager.log;esmfold2-full-compile.log;esmfold2-full-graph.log;esmfold2-graph.log;esmfold2-stable-compile.log;esmfold2-stable-graph.log
layernorm_fwd_saveact_triton,NVIDIA RTX A6000 (sm86),"bfloat16+float32|HAS_ROWSCALE=0,shape_key=68720571162",af3-eager.log;af3-full-compile.log;af3-full-graph.log;af3-graph-retry.log;af3-layers.log;af3-stable-compile.log
layernorm_fwd_saveact_triton,NVIDIA RTX A6000 (sm86),"bfloat16+float32|HAS_ROWSCALE=0,shape_key=68721050394",opendde-compile.log;opendde-eager.log;opendde-full-compile.log;opendde-full-graph.log;opendde-graph-retry.log;opendde-graph.log;opendde-stable-compile.log
layernorm_fwd_saveact_triton,NVIDIA RTX A6000 (sm86),"bfloat16+float32|HAS_ROWSCALE=0,shape_key=68721574682",esmfold2-compile.log;esmfold2-diagnose.log;esmfold2-eager.log;esmfold2-full-compile.log;esmfold2-full-graph.log;esmfold2-graph.log;esmfold2-stable-compile.log;esmfold2-stable-graph.log
layernorm_fwd_saveact_triton,NVIDIA RTX A6000 (sm86),"bfloat16+float32|HAS_ROWSCALE=0,shape_key=8590197530",af3-rna-compile.log;af3-rna-graph.log;rna-smoke-af3-final.log;rna-smoke-opendde-final.log;rna-smoke-opendde.log;rna-smoke-protenix-final.log;rna-smoke-protenix.log
layernorm_fwd_saveact_triton,NVIDIA RTX A6000 (sm86),"bfloat16+float32|HAS_ROWSCALE=0,shape_key=8590459674",af3-rna-compile.log;af3-rna-graph.log;esmfold2-compile.log;esmfold2-diagnose.log;esmfold2-eager.log;esmfold2-full-compile.log;esmfold2-full-graph.log;esmfold2-graph.log;esmfold2-stable-compile.log;esmfold2-stable-graph.log;rna-smoke-af3-final.log;rna-smoke-protenix-final.log;rna-smoke-protenix.log
layernorm_fwd_saveact_triton,NVIDIA RTX A6000 (sm86),"bfloat16+float32|HAS_ROWSCALE=0,shape_key=8590983962",rna-smoke-esmfold2-final.log;rna-smoke-esmfold2.log
layernorm_fwd_saveact_triton,NVIDIA RTX A6000 (sm86),"bfloat16+float32|HAS_ROWSCALE=0,shape_key=8591029018",af3-rna-compile.log;af3-rna-graph.log;rna-smoke-af3-final.log
layernorm_fwd_saveact_triton,NVIDIA RTX A6000 (sm86),"bfloat16+float32|HAS_ROWSCALE=0,shape_key=8591782682",4yx2-esmfold2-final.log;4yx2-esmfold2.log
layernorm_fwd_saveact_triton,NVIDIA RTX A6000 (sm86),"bfloat16+float32|HAS_ROWSCALE=0,shape_key=8592032538",rna-smoke-esmfold2-final.log;rna-smoke-esmfold2.log
layernorm_fwd_saveact_triton,NVIDIA RTX A6000 (sm86),"bfloat16+float32|HAS_ROWSCALE=0,shape_key=9895604716314",3ptb-af3-final.log;3ptb-af3.log;4yx2-af3-final.log;4yx2-af3.log;4yx2-opendde-final.log;4yx2-opendde.log;4yx2-protenix-final.log;4yx2-protenix.log
layernorm_fwd_saveact_triton,NVIDIA RTX A6000 (sm86),"bfloat16+float32|HAS_ROWSCALE=0,shape_key=9895604912922",4yx2-af3-final.log;4yx2-af3.log
layernorm_fwd_strided_triton,NVIDIA RTX A6000 (sm86),"bfloat16+float32|HAS_W=1,shape_key=2150630170",1a1k-esmfold2-final.log;1a1k-esmfold2-retry.log;3ptb-esmfold2-final.log;3ptb-esmfold2-retry.log;esmfold2-compile.log;esmfold2-diagnose.log;esmfold2-eager.log;esmfold2-full-compile.log;esmfold2-full-graph.log;esmfold2-graph.log;esmfold2-stable-compile.log;esmfold2-stable-graph.log;rna-smoke-esmfold2-final.log;rna-smoke-esmfold2.log
layernorm_fwd_strided_triton,NVIDIA RTX A6000 (sm86),"bfloat16+float32|HAS_W=1,shape_key=8593081114",4yx2-esmfold2-final.log;4yx2-esmfold2.log
qk_norm_rope_fwd_triton,NVIDIA RTX A6000 (sm86),bfloat16+float32|shape_key=140738025293909,esmfold2-compile.log;esmfold2-diagnose.log;esmfold2-eager.log;esmfold2-full-compile.log;esmfold2-full-graph.log;esmfold2-graph.log;esmfold2-stable-compile.log;esmfold2-stable-graph.log
qk_norm_rope_fwd_triton,NVIDIA RTX A6000 (sm86),bfloat16+float32|shape_key=281475513649237,1a1k-esmfold2-final.log;1a1k-esmfold2-retry.log;1a1k-esmfold2.log;3ptb-esmfold2-final.log;3ptb-esmfold2-retry.log
qk_norm_rope_fwd_triton,NVIDIA RTX A6000 (sm86),bfloat16+float32|shape_key=70369281116245,rna-smoke-esmfold2-final.log;rna-smoke-esmfold2.log
swa_gate_out_fwd_triton,NVIDIA RTX A6000 (sm86),bfloat16|shape_key=17594334055223,rna-smoke-esmfold2-final.log;rna-smoke-esmfold2.log
swa_gate_out_fwd_triton,NVIDIA RTX A6000 (sm86),bfloat16|shape_key=35186520099639,esmfold2-compile.log;esmfold2-diagnose.log;esmfold2-eager.log;esmfold2-full-compile.log;esmfold2-full-graph.log;esmfold2-graph.log;esmfold2-stable-compile.log;esmfold2-stable-graph.log
swa_gate_out_fwd_triton,NVIDIA RTX A6000 (sm86),bfloat16|shape_key=70370892188471,1a1k-esmfold2-final.log;1a1k-esmfold2-retry.log;1a1k-esmfold2.log;3ptb-esmfold2-final.log;3ptb-esmfold2-retry.log
transition_expand_swiglu_triton,NVIDIA RTX A6000 (sm86),bfloat16|shape_key=10133100236376230,3ptb-af3-final.log;3ptb-af3.log
transition_expand_swiglu_triton,NVIDIA RTX A6000 (sm86),bfloat16|shape_key=10133105607182502,3ptb-opendde-final.log;3ptb-opendde.log
transition_expand_swiglu_triton,NVIDIA RTX A6000 (sm86),bfloat16|shape_key=1125900981110950,3ptb-af3-final.log;3ptb-af3.log;3ptb-opendde-final.log;3ptb-opendde.log;3ptb-protenix-final.log;3ptb-protenix.log
transition_expand_swiglu_triton,NVIDIA RTX A6000 (sm86),bfloat16|shape_key=1125900981635238,af3-rna-compile.log;af3-rna-graph.log;rna-smoke-af3-final.log
transition_expand_swiglu_triton,NVIDIA RTX A6000 (sm86),bfloat16|shape_key=1125902055377062,3ptb-protenix-final.log;3ptb-protenix.log
transition_expand_swiglu_triton,NVIDIA RTX A6000 (sm86),bfloat16|shape_key=1125904203909286,3ptb-esmfold2-final.log;3ptb-esmfold2-retry.log
transition_expand_swiglu_triton,NVIDIA RTX A6000 (sm86),bfloat16|shape_key=1125906352441510,1a1k-opendde-final.log;1a1k-opendde.log;opendde-compile.log;opendde-eager.log;opendde-full-compile.log;opendde-full-graph.log;opendde-graph-retry.log;opendde-graph.log;opendde-stable-compile.log
transition_expand_swiglu_triton,NVIDIA RTX A6000 (sm86),bfloat16|shape_key=140738563147942,protenix-full-compile.log;protenix-full-graph.log;protenix-v2-full-compile.log;protenix-v2-full-graph.log
transition_expand_swiglu_triton,NVIDIA RTX A6000 (sm86),bfloat16|shape_key=140743933954214,rna-smoke-opendde-final.log;rna-smoke-opendde.log
transition_expand_swiglu_triton,NVIDIA RTX A6000 (sm86),bfloat16|shape_key=18014399583750310,4yx2-af3-final.log;4yx2-af3.log;4yx2-opendde-final.log;4yx2-opendde.log;4yx2-protenix-final.log;4yx2-protenix.log
transition_expand_swiglu_triton,NVIDIA RTX A6000 (sm86),bfloat16|shape_key=18014400658016422,4yx2-protenix-final.log;4yx2-protenix.log
transition_expand_swiglu_triton,NVIDIA RTX A6000 (sm86),bfloat16|shape_key=18014402806548646,4yx2-esmfold2-final.log;4yx2-esmfold2.log
transition_expand_swiglu_triton,NVIDIA RTX A6000 (sm86),bfloat16|shape_key=26394724665510,3ptb-opendde-final.log;3ptb-opendde.log
transition_expand_swiglu_triton,NVIDIA RTX A6000 (sm86),bfloat16|shape_key=281476050978982,af3-compile.log;af3-eager.log;af3-full-compile.log;af3-full-graph.log;af3-graph-retry.log;af3-graph.log;af3-layers.log;af3-stable-compile.log;opendde-compile.log;opendde-eager.log;opendde-full-compile.log;opendde-full-graph.log;opendde-graph-retry.log;opendde-graph.log;opendde-stable-compile.log;protenix-compile.log;protenix-diagnose.log;protenix-eager.log;protenix-full-compile.log;protenix-full-graph.log;protenix-graph.log;protenix-stable-compile.log;protenix-stable-graph.log;protenix-v2-full-compile.log;protenix-v2-full-graph.log
transition_expand_swiglu_triton,NVIDIA RTX A6000 (sm86),bfloat16|shape_key=281476051503270,1a1k-protenix-final.log;1a1k-protenix.log;protenix-compile.log;protenix-diagnose.log;protenix-eager.log;protenix-full-compile.log;protenix-full-graph.log;protenix-graph.log;protenix-stable-compile.log;protenix-stable-graph.log;protenix-v2-full-compile.log;protenix-v2-full-graph.log
transition_expand_swiglu_triton,NVIDIA RTX A6000 (sm86),bfloat16|shape_key=281477125245094,protenix-compile.log;protenix-diagnose.log;protenix-eager.log;protenix-full-compile.log;protenix-full-graph.log;protenix-graph.log;protenix-stable-compile.log;protenix-stable-graph.log;protenix-v2-full-compile.log;protenix-v2-full-graph.log
transition_expand_swiglu_triton,NVIDIA RTX A6000 (sm86),bfloat16|shape_key=281477126293670,af3-compile.log;af3-eager.log;af3-full-compile.log;af3-full-graph.log;af3-graph-retry.log;af3-graph.log;af3-layers.log;af3-stable-compile.log;protenix-compile.log;protenix-diagnose.log;protenix-eager.log;protenix-full-compile.log;protenix-full-graph.log;protenix-graph.log;protenix-stable-compile.log;protenix-stable-graph.log;protenix-v2-full-compile.log;protenix-v2-full-graph.log
transition_expand_swiglu_triton,NVIDIA RTX A6000 (sm86),bfloat16|shape_key=281479273777318,esmfold2-compile.log;esmfold2-diagnose.log;esmfold2-eager.log;esmfold2-full-compile.log;esmfold2-full-graph.log;esmfold2-graph.log;esmfold2-stable-compile.log;esmfold2-stable-graph.log
transition_expand_swiglu_triton,NVIDIA RTX A6000 (sm86),bfloat16|shape_key=281479275874470,esmfold2-compile.log;esmfold2-diagnose.log;esmfold2-eager.log;esmfold2-full-compile.log;esmfold2-full-graph.log;esmfold2-graph.log;esmfold2-stable-compile.log;esmfold2-stable-graph.log
transition_expand_swiglu_triton,NVIDIA RTX A6000 (sm86),bfloat16|shape_key=281481425455270,opendde-compile.log;opendde-eager.log;opendde-full-compile.log;opendde-full-graph.log;opendde-graph-retry.log;opendde-graph.log;opendde-stable-compile.log
transition_expand_swiglu_triton,NVIDIA RTX A6000 (sm86),bfloat16|shape_key=35185446357158,af3-rna-compile.log;af3-rna-graph.log;rna-smoke-af3-final.log;rna-smoke-opendde-final.log;rna-smoke-opendde.log;rna-smoke-protenix-final.log;rna-smoke-protenix.log
transition_expand_swiglu_triton,NVIDIA RTX A6000 (sm86),bfloat16|shape_key=35186520623270,rna-smoke-protenix-final.log;rna-smoke-protenix.log
transition_expand_swiglu_triton,NVIDIA RTX A6000 (sm86),bfloat16|shape_key=35188669155494,rna-smoke-esmfold2-final.log;rna-smoke-esmfold2.log
transition_expand_swiglu_triton,NVIDIA RTX A6000 (sm86),bfloat16|shape_key=35190817687718,4yx2-protenix-final.log;4yx2-protenix.log
transition_expand_swiglu_triton,NVIDIA RTX A6000 (sm86),bfloat16|shape_key=35197263284390,4yx2-esmfold2-final.log;4yx2-esmfold2.log
transition_expand_swiglu_triton,NVIDIA RTX A6000 (sm86),bfloat16|shape_key=40532397721127078,4yx2-af3-final.log;4yx2-af3.log
transition_expand_swiglu_triton,NVIDIA RTX A6000 (sm86),bfloat16|shape_key=40532403091933350,4yx2-opendde-final.log;4yx2-opendde.log
transition_expand_swiglu_triton,NVIDIA RTX A6000 (sm86),bfloat16|shape_key=4503600702163110,1a1k-af3-final.log;1a1k-af3.log;4yx2-protenix-final.log;4yx2-protenix.log;af3-compile.log;af3-eager.log;af3-full-compile.log;af3-full-graph.log;af3-graph-retry.log;af3-graph.log;af3-layers.log;af3-stable-compile.log
transition_expand_swiglu_triton,NVIDIA RTX A6000 (sm86),bfloat16|shape_key=562951027689638,1a1k-af3-final.log;1a1k-af3.log;1a1k-opendde-final.log;1a1k-opendde.log;1a1k-protenix-final.log;1a1k-protenix.log
transition_expand_swiglu_triton,NVIDIA RTX A6000 (sm86),bfloat16|shape_key=562951028213926,3ptb-protenix-final.log;3ptb-protenix.log;protenix-full-compile.log;protenix-full-graph.log;protenix-v2-full-compile.log;protenix-v2-full-graph.log
transition_expand_swiglu_triton,NVIDIA RTX A6000 (sm86),bfloat16|shape_key=562952101955750,1a1k-protenix-final.log;1a1k-protenix.log
transition_expand_swiglu_triton,NVIDIA RTX A6000 (sm86),bfloat16|shape_key=562952103004326,1a1k-af3-final.log;1a1k-af3.log;1a1k-esmfold2-final.log;1a1k-esmfold2-retry.log;1a1k-opendde-final.log;1a1k-opendde.log;1a1k-protenix-final.log;1a1k-protenix.log;esmfold2-compile.log;esmfold2-diagnose.log;esmfold2-eager.log;esmfold2-full-compile.log;esmfold2-full-graph.log;esmfold2-graph.log;esmfold2-stable-compile.log;esmfold2-stable-graph.log;opendde-compile.log;opendde-eager.log;opendde-full-compile.log;opendde-full-graph.log;opendde-graph-retry.log;opendde-graph.log;opendde-stable-compile.log
transition_expand_swiglu_triton,NVIDIA RTX A6000 (sm86),bfloat16|shape_key=562954250487974,1a1k-esmfold2-final.log;1a1k-esmfold2-retry.log
transition_expand_swiglu_triton,NVIDIA RTX A6000 (sm86),bfloat16|shape_key=562954252585126,1a1k-esmfold2-final.log;1a1k-esmfold2-retry.log
transition_expand_swiglu_triton,NVIDIA RTX A6000 (sm86),bfloat16|shape_key=562956402165926,1a1k-opendde-final.log;1a1k-opendde.log
transition_expand_swiglu_triton,NVIDIA RTX A6000 (sm86),bfloat16|shape_key=70369818970278,protenix-full-compile.log;protenix-full-graph.log;protenix-v2-full-compile.log;protenix-v2-full-graph.log
transition_expand_swiglu_triton,NVIDIA RTX A6000 (sm86),bfloat16|shape_key=70375189776550,4yx2-opendde-final.log;4yx2-opendde.log
transition_expand_swiglu_triton,NVIDIA RTX A6000 (sm86),bfloat16|shape_key=70375192922278,4yx2-opendde-final.log;4yx2-opendde.log
transition_expand_swiglu_triton,NVIDIA RTX A6000 (sm86),bfloat16|shape_key=8797167814822,rna-smoke-protenix-final.log;rna-smoke-protenix.log
transition_expand_swiglu_triton,NVIDIA RTX A6000 (sm86),bfloat16|shape_key=8802538621094,1a1k-opendde-final.log;1a1k-opendde.log;1a1k-protenix-final.log;1a1k-protenix.log;3ptb-protenix-final.log;3ptb-protenix.log;opendde-compile.log;opendde-eager.log;opendde-full-compile.log;opendde-full-graph.log;opendde-graph-retry.log;opendde-stable-compile.log;protenix-compile.log;protenix-diagnose.log;protenix-eager.log;protenix-full-compile.log;protenix-full-graph.log;protenix-graph.log;protenix-stable-compile.log;protenix-stable-graph.log;protenix-v2-full-compile.log;protenix-v2-full-graph.log;rna-smoke-opendde-final.log;rna-smoke-opendde.log;rna-smoke-protenix-final.log;rna-smoke-protenix.log
transition_expand_swiglu_triton,NVIDIA RTX A6000 (sm86),bfloat16|shape_key=8808984217766,1a1k-esmfold2-final.log;1a1k-esmfold2-retry.log;3ptb-esmfold2-final.log;3ptb-esmfold2-retry.log;esmfold2-compile.log;esmfold2-diagnose.log;esmfold2-eager.log;esmfold2-full-compile.log;esmfold2-full-graph.log;esmfold2-graph.log;esmfold2-stable-compile.log;esmfold2-stable-graph.log;rna-smoke-esmfold2-final.log;rna-smoke-esmfold2.log
trimul_gemm_gate_mmajor_triton,NVIDIA RTX A6000 (sm86),"bfloat16|SAVE_PREACT=0,shape_key=26394723093894",3ptb-opendde-final.log;3ptb-opendde.log
trimul_gemm_gate_mmajor_triton,NVIDIA RTX A6000 (sm86),"bfloat16|SAVE_PREACT=0,shape_key=35185446096262",4yx2-af3-final.log;4yx2-af3.log;4yx2-opendde-final.log;4yx2-opendde.log
trimul_gemm_gate_mmajor_triton,NVIDIA RTX A6000 (sm86),"bfloat16|SAVE_PREACT=0,shape_key=35190816116102",4yx2-opendde-final.log;4yx2-opendde.log
trimul_gemm_gate_mmajor_triton,NVIDIA RTX A6000 (sm86),"bfloat16|SAVE_PREACT=0,shape_key=52783002160518",4yx2-opendde-final.log;4yx2-opendde.log
trimul_gemm_gate_mmajor_triton,NVIDIA RTX A6000 (sm86),"bfloat16|SAVE_PREACT=0,shape_key=8797167029638",1a1k-af3-final.log;1a1k-af3.log;1a1k-opendde-final.log;1a1k-opendde.log;3ptb-af3-final.log;3ptb-af3.log;3ptb-opendde-final.log;3ptb-opendde.log;af3-compile.log;af3-eager.log;af3-full-compile.log;af3-full-graph.log;af3-graph-retry.log;af3-graph.log;af3-layers.log;af3-rna-compile.log;af3-rna-graph.log;af3-stable-compile.log;opendde-compile.log;opendde-eager.log;opendde-full-compile.log;opendde-full-graph.log;opendde-graph-retry.log;opendde-graph.log;opendde-stable-compile.log;rna-smoke-af3-final.log;rna-smoke-opendde-final.log;rna-smoke-opendde.log
trimul_gemm_gate_mmajor_triton,NVIDIA RTX A6000 (sm86),"bfloat16|SAVE_PREACT=0,shape_key=8802537049478",1a1k-opendde-final.log;1a1k-opendde.log;3ptb-opendde-final.log;3ptb-opendde.log;opendde-compile.log;opendde-eager.log;opendde-full-compile.log;opendde-full-graph.log;opendde-graph-retry.log;opendde-graph.log;opendde-stable-compile.log;rna-smoke-opendde-final.log;rna-smoke-opendde.log
trimul_outproj_layernorm_gemm_gate_triton,NVIDIA RTX A6000 (sm86),bfloat16+float32|shape_key=26394723093849,3ptb-opendde-final.log;3ptb-opendde.log
trimul_outproj_layernorm_gemm_gate_triton,NVIDIA RTX A6000 (sm86),bfloat16+float32|shape_key=35185446096217,4yx2-af3-final.log;4yx2-af3.log;4yx2-opendde-final.log;4yx2-opendde.log
trimul_outproj_layernorm_gemm_gate_triton,NVIDIA RTX A6000 (sm86),bfloat16+float32|shape_key=35190816116057,4yx2-opendde-final.log;4yx2-opendde.log
trimul_outproj_layernorm_gemm_gate_triton,NVIDIA RTX A6000 (sm86),bfloat16+float32|shape_key=52783002160473,4yx2-opendde-final.log;4yx2-opendde.log
trimul_outproj_layernorm_gemm_gate_triton,NVIDIA RTX A6000 (sm86),bfloat16+float32|shape_key=8797167029593,1a1k-af3-final.log;1a1k-af3.log;1a1k-opendde-final.log;1a1k-opendde.log;3ptb-af3-final.log;3ptb-af3.log;3ptb-opendde-final.log;3ptb-opendde.log;af3-compile.log;af3-eager.log;af3-full-compile.log;af3-full-graph.log;af3-graph-retry.log;af3-graph.log;af3-layers.log;af3-rna-compile.log;af3-rna-graph.log;af3-stable-compile.log;opendde-compile.log;opendde-eager.log;opendde-full-compile.log;opendde-full-graph.log;opendde-graph-retry.log;opendde-graph.log;opendde-stable-compile.log;rna-smoke-af3-final.log;rna-smoke-opendde-final.log;rna-smoke-opendde.log
trimul_outproj_layernorm_gemm_gate_triton,NVIDIA RTX A6000 (sm86),bfloat16+float32|shape_key=8802537049433,1a1k-opendde-final.log;1a1k-opendde.log;3ptb-opendde-final.log;3ptb-opendde.log;opendde-compile.log;opendde-eager.log;opendde-full-compile.log;opendde-full-graph.log;opendde-graph-retry.log;opendde-graph.log;opendde-stable-compile.log;rna-smoke-opendde-final.log;rna-smoke-opendde.log
